start,duration
2016-01-01,2
2016-01-01,1
2016-01-02,1
2016-01-02,2
2016-01-02,3
2016-01-02,9
2016-01-02,11
2016-01-03,2
2016-01-03,3
2016-01-03,6
2016-01-03,10
2016-01-04,5
2016-01-04,7
2016-01-04,9
2016-01-04,2
2016-01-05,1
2016-01-05,2
2016-01-05,4
2016-01-05,6
2016-01-05,8
2016-01-06,3
2016-01-07,2
2016-01-07,4
2016-01-07,13
2016-01-07,1
2016-01-08,1
2016-01-08,2
2016-01-08,3
2016-01-08,10
2016-01-08,4
2016-01-08,5
2016-01-09,2
2016-01-09,3
2016-01-10,1
2016-01-10,2
2016-01-10,11
2016-01-11,10
2016-01-11,2
2016-01-12,1
2016-01-15,6
2016-01-15,1
2016-01-15,4
2016-01-15,2
2016-01-15,3
2016-01-15,5
2016-01-15,8
2016-01-15,9
2016-01-16,2
2016-01-16,8
2016-01-17,2
2016-01-17,7
2016-01-17,4
2016-01-18,2
2016-01-18,3
2016-01-18,4
2016-01-18,6
2016-01-19,2
2016-01-19,1
2016-01-19,5
2016-01-20,2
2016-01-20,3
2016-01-20,4
2016-01-21,2
2016-01-21,3
2016-01-22,1
2016-01-22,2
2016-01-24,2
2016-01-25,3
2016-01-25,6
2016-01-25,7
2016-01-25,14
2016-01-25,1
2016-01-25,2
2016-01-26,1
2016-01-26,2
2016-01-26,4
2016-01-26,6
2016-01-26,13
2016-01-26,5
2016-01-27,1
2016-01-27,2
2016-01-27,5
2016-01-27,12
2016-01-27,3
2016-01-27,4
2016-01-28,2
2016-01-28,11
2016-01-28,3
2016-01-28,1
2016-01-29,3
2016-01-29,2
2016-01-29,1
2016-01-29,16
2016-01-29,20
2016-01-30,2
2016-01-30,4
2016-01-30,5
2016-01-30,8
2016-01-30,14
2016-01-30,3
2016-01-30,1
2016-01-30,10
2016-01-30,12
2016-01-30,18
2016-01-30,19
2016-01-31,1
2016-01-31,3
2016-01-31,6
2016-01-31,7
2016-01-31,2
2016-01-31,5
2016-01-31,18
2016-02-01,1
2016-02-01,2
2016-02-01,12
2016-02-01,3
2016-02-01,6
2016-02-01,7
2016-02-01,4
2016-02-01,9
2016-02-01,17
2016-02-02,1
2016-02-02,2
2016-02-02,3
2016-02-02,4
2016-02-02,6
2016-02-02,8
2016-02-03,2
2016-02-03,10
2016-02-03,5
2016-02-03,4
2016-02-03,7
2016-02-03,8
2016-02-03,9
2016-02-04,1
2016-02-04,2
2016-02-04,3
2016-02-04,4
2016-02-04,6
2016-02-04,9
2016-02-04,5
2016-02-05,1
2016-02-05,5
2016-02-05,4
2016-02-05,8
2016-02-05,2
2016-02-05,3
2016-02-05,7
2016-02-06,2
2016-02-06,4
2016-02-06,3
2016-02-06,5
2016-02-06,1
2016-02-06,6
2016-02-06,8
2016-02-06,7
2016-02-06,12
2016-02-06,13
2016-02-06,32
2016-02-06,10
2016-02-07,3
2016-02-07,9
2016-02-07,1
2016-02-07,2
2016-02-07,4
2016-02-07,7
2016-02-07,8
2016-02-07,5
2016-02-07,10
2016-02-07,16
2016-02-07,31
2016-02-07,11
2016-02-08,2
2016-02-08,1
2016-02-08,3
2016-02-08,5
2016-02-08,4
2016-02-08,7
2016-02-08,14
2016-02-08,17
2016-02-08,28
2016-02-08,30
2016-02-09,1
2016-02-09,3
2016-02-09,4
2016-02-09,2
2016-02-09,6
2016-02-09,5
2016-02-09,14
2016-02-09,27
2016-02-09,10
2016-02-09,12
2016-02-10,1
2016-02-10,2
2016-02-10,3
2016-02-10,5
2016-02-10,4
2016-02-10,26
2016-02-10,7
2016-02-11,2
2016-02-11,9
2016-02-11,1
2016-02-11,4
2016-02-11,5
2016-02-11,3
2016-02-11,6
2016-02-11,7
2016-02-12,4
2016-02-12,1
2016-02-12,2
2016-02-12,3
2016-02-12,5
2016-02-12,6
2016-02-13,1
2016-02-13,2
2016-02-13,4
2016-02-13,16
2016-02-13,23
2016-02-13,5
2016-02-13,3
2016-02-13,25
2016-02-14,2
2016-02-14,1
2016-02-14,3
2016-02-14,6
2016-02-14,7
2016-02-14,4
2016-02-15,1
2016-02-15,5
2016-02-15,2
2016-02-15,6
2016-02-15,3
2016-02-15,21
2016-02-16,2
2016-02-16,4
2016-02-16,1
2016-02-16,20
2016-02-16,3
2016-02-16,5
2016-02-17,1
2016-02-17,2
2016-02-17,7
2016-02-17,4
2016-02-17,11
2016-02-17,21
2016-02-17,3
2016-02-18,3
2016-02-18,1
2016-02-18,2
2016-02-18,5
2016-02-18,12
2016-02-18,20
2016-02-19,2
2016-02-19,6
2016-02-19,9
2016-02-19,10
2016-02-19,1
2016-02-19,3
2016-02-19,4
2016-02-19,5
2016-02-20,1
2016-02-20,2
2016-02-20,3
2016-02-20,8
2016-02-20,9
2016-02-20,4
2016-02-20,6
2016-02-20,16
2016-02-20,7
2016-02-21,1
2016-02-21,2
2016-02-21,8
2016-02-21,3
2016-02-21,15
2016-02-22,2
2016-02-22,4
2016-02-22,7
2016-02-22,1
2016-02-22,3
2016-02-23,2
2016-02-23,6
2016-02-23,1
2016-02-23,13
2016-02-23,15
2016-02-24,1
2016-02-24,2
2016-02-24,3
2016-02-24,4
2016-02-25,1
2016-02-25,2
2016-02-25,3
2016-02-25,5
2016-02-25,9
2016-02-25,10
2016-02-25,7
2016-02-26,2
2016-02-26,3
2016-02-26,1
2016-02-26,7
2016-02-26,9
2016-02-26,4
2016-02-26,12
2016-02-26,15
2016-02-26,17
2016-02-26,11
2016-02-27,1
2016-02-27,2
2016-02-27,3
2016-02-27,4
2016-02-27,8
2016-02-27,7
2016-02-27,11
2016-02-27,16
2016-02-28,1
2016-02-28,2
2016-02-28,7
2016-02-28,5
2016-02-28,8
2016-02-28,10
2016-02-28,15
2016-02-29,1
2016-02-29,2
2016-02-29,3
2016-02-29,6
2016-02-29,4
2016-02-29,5
2016-02-29,18
2016-02-29,9
2016-02-29,7
2016-02-29,14
2016-03-01,1
2016-03-01,2
2016-03-01,5
2016-03-01,3
2016-03-01,4
2016-03-01,7
2016-03-01,13
2016-03-02,1
2016-03-02,2
2016-03-02,4
2016-03-02,6
2016-03-02,11
2016-03-02,3
2016-03-02,7
2016-03-02,16
2016-03-02,9
2016-03-02,12
2016-03-02,5
2016-03-03,2
2016-03-03,4
2016-03-03,7
2016-03-03,8
2016-03-03,10
2016-03-03,1
2016-03-03,3
2016-03-03,15
2016-03-03,5
2016-03-03,6
2016-03-04,2
2016-03-04,8
2016-03-04,12
2016-03-04,1
2016-03-04,6
2016-03-04,4
2016-03-04,14
2016-03-04,5
2016-03-04,11
2016-03-04,16
2016-03-04,10
2016-03-04,3
2016-03-05,1
2016-03-05,5
2016-03-05,8
2016-03-05,11
2016-03-05,2
2016-03-05,3
2016-03-05,6
2016-03-05,4
2016-03-05,13
2016-03-06,1
2016-03-06,2
2016-03-06,3
2016-03-06,9
2016-03-06,4
2016-03-06,5
2016-03-06,7
2016-03-06,10
2016-03-06,6
2016-03-06,14
2016-03-07,2
2016-03-07,6
2016-03-07,1
2016-03-07,3
2016-03-07,4
2016-03-07,9
2016-03-07,5
2016-03-07,11
2016-03-07,13
2016-03-07,7
2016-03-08,2
2016-03-08,5
2016-03-08,1
2016-03-08,3
2016-03-08,4
2016-03-08,12
2016-03-09,2
2016-03-09,1
2016-03-09,4
2016-03-09,6
2016-03-09,3
2016-03-10,1
2016-03-10,2
2016-03-10,5
2016-03-10,3
2016-03-10,7
2016-03-10,8
2016-03-10,4
2016-03-10,6
2016-03-10,10
2016-03-10,24
2016-03-11,1
2016-03-11,2
2016-03-11,3
2016-03-11,7
2016-03-11,5
2016-03-12,1
2016-03-12,2
2016-03-12,3
2016-03-12,6
2016-03-12,9
2016-03-13,2
2016-03-13,1
2016-03-13,4
2016-03-13,5
2016-03-13,3
2016-03-13,8
2016-03-13,15
2016-03-13,7
2016-03-14,1
2016-03-14,2
2016-03-14,3
2016-03-14,4
2016-03-14,7
2016-03-14,6
2016-03-14,9
2016-03-14,14
2016-03-14,18
2016-03-14,5
2016-03-14,12
2016-03-14,15
2016-03-15,2
2016-03-15,3
2016-03-15,1
2016-03-15,6
2016-03-15,4
2016-03-15,5
2016-03-15,10
2016-03-15,11
2016-03-15,17
2016-03-15,19
2016-03-16,2
2016-03-16,1
2016-03-16,3
2016-03-16,4
2016-03-16,7
2016-03-16,5
2016-03-16,6
2016-03-16,10
2016-03-16,16
2016-03-16,12
2016-03-17,2
2016-03-17,4
2016-03-17,1
2016-03-17,3
2016-03-17,5
2016-03-17,6
2016-03-17,15
2016-03-17,8
2016-03-17,17
2016-03-18,1
2016-03-18,2
2016-03-18,3
2016-03-18,5
2016-03-18,4
2016-03-18,7
2016-03-18,10
2016-03-18,13
2016-03-18,8
2016-03-18,14
2016-03-19,2
2016-03-19,1
2016-03-19,3
2016-03-19,4
2016-03-19,6
2016-03-19,5
2016-03-19,9
2016-03-19,8
2016-03-19,15
2016-03-20,2
2016-03-20,3
2016-03-20,1
2016-03-20,12
2016-03-20,4
2016-03-20,8
2016-03-20,6
2016-03-20,7
2016-03-20,14
2016-03-21,1
2016-03-21,2
2016-03-21,3
2016-03-21,4
2016-03-21,7
2016-03-21,5
2016-03-21,13
2016-03-22,2
2016-03-22,4
2016-03-22,6
2016-03-22,1
2016-03-22,3
2016-03-22,5
2016-03-22,7
2016-03-23,2
2016-03-23,3
2016-03-23,5
2016-03-23,1
2016-03-23,4
2016-03-24,1
2016-03-24,2
2016-03-24,4
2016-03-24,3
2016-03-24,5
2016-03-24,11
2016-03-24,8
2016-03-25,1
2016-03-25,3
2016-03-25,4
2016-03-25,2
2016-03-25,5
2016-03-25,7
2016-03-25,6
2016-03-25,9
2016-03-26,1
2016-03-26,2
2016-03-26,3
2016-03-26,4
2016-03-26,7
2016-03-26,6
2016-03-26,12
2016-03-26,13
2016-03-26,8
2016-03-27,2
2016-03-27,1
2016-03-27,3
2016-03-27,4
2016-03-27,6
2016-03-27,5
2016-03-27,11
2016-03-27,7
2016-03-28,1
2016-03-28,3
2016-03-28,5
2016-03-28,4
2016-03-28,2
2016-03-28,10
2016-03-28,6
2016-03-29,2
2016-03-29,4
2016-03-29,3
2016-03-29,30
2016-03-29,19
2016-03-29,33
2016-03-29,37
2016-03-29,1
2016-03-29,5
2016-03-29,6
2016-03-29,12
2016-03-29,15
2016-03-29,16
2016-03-29,9
2016-03-30,366
2016-03-30,2
2016-03-30,3
2016-03-30,5
2016-03-30,1
2016-03-30,15
2016-03-30,25
2016-03-30,4
2016-03-30,8
2016-03-30,6
2016-03-31,1
2016-03-31,2
2016-03-31,18
2016-03-31,25
2016-03-31,28
2016-03-31,3
2016-03-31,7
2016-03-31,4
2016-03-31,8
2016-03-31,10
2016-03-31,5
2016-04-01,1
2016-04-01,2
2016-04-01,3
2016-04-01,4
2016-04-01,5
2016-04-01,11
2016-04-01,8
2016-04-01,34
2016-04-01,6
2016-04-01,13
2016-04-01,15
2016-04-01,7
2016-04-01,9
2016-04-02,1
2016-04-02,2
2016-04-02,3
2016-04-02,4
2016-04-02,10
2016-04-02,5
2016-04-02,15
2016-04-02,8
2016-04-02,6
2016-04-03,3
2016-04-03,6
2016-04-03,1
2016-04-03,2
2016-04-03,7
2016-04-03,5
2016-04-03,8
2016-04-03,10
2016-04-03,4
2016-04-03,11
2016-04-04,1
2016-04-04,2
2016-04-04,3
2016-04-04,5
2016-04-04,6
2016-04-04,13
2016-04-04,4
2016-04-05,2
2016-04-05,3
2016-04-05,4
2016-04-05,1
2016-04-05,5
2016-04-05,7
2016-04-05,6
2016-04-05,12
2016-04-05,23
2016-04-06,6
2016-04-06,2
2016-04-06,3
2016-04-06,1
2016-04-06,4
2016-04-06,11
2016-04-07,2
2016-04-07,3
2016-04-07,4
2016-04-07,6
2016-04-07,7
2016-04-07,33
2016-04-07,1
2016-04-07,21
2016-04-08,2
2016-04-08,1
2016-04-08,3
2016-04-08,4
2016-04-08,8
2016-04-08,17
2016-04-08,28
2016-04-08,5
2016-04-08,7
2016-04-08,9
2016-04-09,2
2016-04-09,3
2016-04-09,4
2016-04-09,1
2016-04-09,7
2016-04-09,5
2016-04-09,6
2016-04-09,22
2016-04-10,1
2016-04-10,2
2016-04-10,3
2016-04-10,30
2016-04-10,26
2016-04-10,6
2016-04-10,4
2016-04-10,5
2016-04-10,7
2016-04-10,8
2016-04-10,25
2016-04-10,12
2016-04-10,21
2016-04-11,1
2016-04-11,2
2016-04-11,3
2016-04-11,4
2016-04-11,8
2016-04-11,15
2016-04-11,24
2016-04-11,5
2016-04-11,6
2016-04-11,7
2016-04-11,12
2016-04-12,1
2016-04-12,2
2016-04-12,3
2016-04-12,4
2016-04-12,7
2016-04-12,28
2016-04-12,20
2016-04-12,29
2016-04-12,39
2016-04-12,15
2016-04-12,5
2016-04-12,18
2016-04-12,19
2016-04-12,6
2016-04-12,11
2016-04-12,12
2016-04-13,4
2016-04-13,5
2016-04-13,6
2016-04-13,27
2016-04-13,1
2016-04-13,2
2016-04-13,3
2016-04-13,12
2016-04-13,14
2016-04-13,38
2016-04-13,9
2016-04-13,18
2016-04-13,10
2016-04-14,1
2016-04-14,2
2016-04-14,4
2016-04-14,6
2016-04-14,13
2016-04-14,26
2016-04-14,9
2016-04-14,3
2016-04-14,18
2016-04-14,37
2016-04-14,17
2016-04-15,1
2016-04-15,2
2016-04-15,3
2016-04-15,4
2016-04-15,12
2016-04-15,25
2016-04-15,8
2016-04-15,11
2016-04-15,6
2016-04-15,7
2016-04-15,9
2016-04-15,15
2016-04-15,5
2016-04-16,1
2016-04-16,2
2016-04-16,13
2016-04-16,3
2016-04-16,4
2016-04-16,5
2016-04-16,8
2016-04-16,9
2016-04-16,10
2016-04-16,24
2016-04-16,7
2016-04-16,15
2016-04-16,16
2016-04-16,6
2016-04-17,1
2016-04-17,10
2016-04-17,14
2016-04-17,15
2016-04-17,2
2016-04-17,3
2016-04-17,5
2016-04-17,6
2016-04-17,8
2016-04-17,4
2016-04-17,9
2016-04-17,34
2016-04-17,18
2016-04-17,7
2016-04-18,2
2016-04-18,6
2016-04-18,15
2016-04-18,18
2016-04-18,1
2016-04-18,11
2016-04-18,13
2016-04-18,22
2016-04-18,5
2016-04-18,8
2016-04-18,4
2016-04-18,7
2016-04-18,3
2016-04-18,12
2016-04-19,2
2016-04-19,3
2016-04-19,5
2016-04-19,13
2016-04-19,16
2016-04-19,17
2016-04-19,4
2016-04-19,1
2016-04-19,7
2016-04-19,21
2016-04-19,6
2016-04-19,32
2016-04-20,2
2016-04-20,6
2016-04-20,3
2016-04-20,4
2016-04-20,5
2016-04-20,9
2016-04-20,1
2016-04-20,7
2016-04-20,8
2016-04-21,5
2016-04-21,15
2016-04-21,1
2016-04-21,2
2016-04-21,3
2016-04-21,4
2016-04-21,11
2016-04-21,19
2016-04-21,6
2016-04-21,9
2016-04-21,10
2016-04-21,7
2016-04-22,13
2016-04-22,14
2016-04-22,2
2016-04-22,10
2016-04-22,11
2016-04-22,3
2016-04-22,4
2016-04-22,1
2016-04-22,18
2016-04-22,5
2016-04-22,7
2016-04-22,9
2016-04-23,10
2016-04-23,13
2016-04-23,2
2016-04-23,3
2016-04-23,1
2016-04-23,4
2016-04-23,28
2016-04-23,6
2016-04-23,12
2016-04-23,8
2016-04-23,9
2016-04-23,5
2016-04-24,8
2016-04-24,12
2016-04-24,2
2016-04-24,4
2016-04-24,1
2016-04-24,16
2016-04-24,3
2016-04-24,6
2016-04-24,7
2016-04-24,5
2016-04-25,2
2016-04-25,4
2016-04-25,8
2016-04-25,11
2016-04-25,1
2016-04-25,15
2016-04-25,6
2016-04-25,5
2016-04-25,3
2016-04-25,7
2016-04-26,3
2016-04-26,10
2016-04-26,1
2016-04-26,4
2016-04-26,8
2016-04-26,14
2016-04-26,2
2016-04-26,5
2016-04-26,9
2016-04-26,6
2016-04-27,9
2016-04-27,4
2016-04-27,3
2016-04-27,1
2016-04-27,2
2016-04-27,8
2016-04-27,5
2016-04-28,8
2016-04-28,2
2016-04-28,9
2016-04-28,1
2016-04-28,3
2016-04-28,4
2016-04-29,3
2016-04-29,7
2016-04-29,1
2016-04-29,2
2016-04-29,11
2016-04-29,5
2016-04-29,6
2016-04-30,2
2016-04-30,5
2016-04-30,7
2016-04-30,10
2016-04-30,1
2016-04-30,6
2016-04-30,3
2016-05-01,5
2016-05-01,2
2016-05-01,6
2016-05-01,1
2016-05-01,9
2016-05-01,7
2016-05-01,10
2016-05-01,20
2016-05-01,3
2016-05-02,2
2016-05-02,5
2016-05-02,4
2016-05-02,6
2016-05-02,1
2016-05-02,3
2016-05-02,9
2016-05-02,19
2016-05-03,4
2016-05-03,1
2016-05-03,7
2016-05-03,18
2016-05-03,2
2016-05-03,5
2016-05-03,6
2016-05-04,2
2016-05-04,1
2016-05-04,6
2016-05-04,4
2016-05-04,3
2016-05-04,5
2016-05-04,9
2016-05-04,10
2016-05-04,11
2016-05-05,1
2016-05-05,2
2016-05-05,5
2016-05-05,3
2016-05-05,4
2016-05-05,9
2016-05-06,2
2016-05-06,1
2016-05-06,5
2016-05-06,11
2016-05-06,3
2016-05-06,4
2016-05-06,9
2016-05-07,1
2016-05-07,2
2016-05-07,3
2016-05-07,7
2016-05-07,4
2016-05-07,5
2016-05-08,2
2016-05-08,1
2016-05-08,3
2016-05-08,4
2016-05-08,5
2016-05-08,6
2016-05-08,7
2016-05-09,1
2016-05-09,2
2016-05-09,3
2016-05-09,5
2016-05-09,4
2016-05-09,6
2016-05-10,3
2016-05-10,1
2016-05-10,2
2016-05-10,4
2016-05-10,5
2016-05-11,2
2016-05-11,1
2016-05-11,3
2016-05-11,4
2016-05-11,6
2016-05-12,1
2016-05-12,2
2016-05-12,4
2016-05-12,3
2016-05-12,5
2016-05-13,3
2016-05-13,1
2016-05-13,2
2016-05-13,4
2016-05-13,5
2016-05-14,2
2016-05-14,1
2016-05-14,3
2016-05-14,4
2016-05-15,2
2016-05-15,1
2016-05-15,3
2016-05-16,3
2016-05-16,1
2016-05-16,2
2016-05-16,4
2016-05-17,2
2016-05-17,1
2016-05-17,3
2016-05-18,2
2016-05-19,2
2016-05-19,3
2016-05-19,1
2016-05-20,2
2016-05-20,4
2016-05-20,6
2016-05-20,1
2016-05-20,3
2016-05-21,2
2016-05-21,3
2016-05-21,1
2016-05-21,5
2016-05-21,10
2016-05-21,14
2016-05-22,1
2016-05-22,2
2016-05-22,14
2016-05-22,4
2016-05-22,3
2016-05-22,9
2016-05-22,6
2016-05-23,1
2016-05-23,2
2016-05-23,3
2016-05-23,6
2016-05-23,7
2016-05-23,12
2016-05-23,13
2016-05-23,8
2016-05-23,4
2016-05-23,9
2016-05-23,11
2016-05-23,5
2016-05-24,2
2016-05-24,12
2016-05-24,1
2016-05-24,4
2016-05-24,5
2016-05-24,3
2016-05-24,14
2016-05-24,7
2016-05-24,8
2016-05-24,6
2016-05-25,2
2016-05-25,4
2016-05-25,5
2016-05-25,9
2016-05-25,1
2016-05-25,6
2016-05-25,8
2016-05-25,7
2016-05-25,3
2016-05-26,1
2016-05-26,2
2016-05-26,4
2016-05-26,6
2016-05-26,3
2016-05-26,5
2016-05-26,12
2016-05-27,2
2016-05-27,9
2016-05-27,1
2016-05-27,3
2016-05-27,4
2016-05-28,2
2016-05-28,6
2016-05-28,3
2016-05-28,4
2016-05-28,1
2016-05-28,10
2016-05-28,14
2016-05-29,2
2016-05-29,7
2016-05-29,5
2016-05-29,4
2016-05-29,1
2016-05-29,3
2016-05-29,13
2016-05-30,6
2016-05-30,4
2016-05-30,1
2016-05-30,2
2016-05-30,3
2016-05-30,8
2016-05-30,5
2016-05-30,12
2016-05-30,7
2016-05-30,19
2016-05-31,1
2016-05-31,2
2016-05-31,5
2016-05-31,3
2016-05-31,6
2016-06-01,2
2016-06-01,3
2016-06-01,1
2016-06-01,4
2016-06-01,9
2016-06-01,5
2016-06-01,7
2016-06-01,10
2016-06-02,2
2016-06-02,1
2016-06-02,3
2016-06-02,4
2016-06-02,5
2016-06-02,7
2016-06-02,8
2016-06-02,6
2016-06-02,10
2016-06-02,16
2016-06-03,1
2016-06-03,2
2016-06-03,3
2016-06-03,4
2016-06-03,6
2016-06-03,8
2016-06-03,14
2016-06-03,15
2016-06-03,5
2016-06-03,7
2016-06-03,22
2016-06-04,1
2016-06-04,2
2016-06-04,3
2016-06-04,5
2016-06-04,4
2016-06-04,6
2016-06-04,7
2016-06-05,1
2016-06-05,2
2016-06-05,5
2016-06-05,7
2016-06-05,8
2016-06-05,12
2016-06-05,14
2016-06-05,16
2016-06-05,19
2016-06-05,3
2016-06-05,4
2016-06-05,10
2016-06-05,13
2016-06-05,23
2016-06-05,26
2016-06-05,6
2016-06-05,20
2016-06-06,2
2016-06-06,3
2016-06-06,4
2016-06-06,5
2016-06-06,6
2016-06-06,8
2016-06-06,10
2016-06-06,18
2016-06-06,1
2016-06-06,22
2016-06-06,23
2016-06-06,7
2016-06-06,11
2016-06-07,2
2016-06-07,3
2016-06-07,6
2016-06-07,9
2016-06-07,1
2016-06-07,4
2016-06-07,5
2016-06-07,21
2016-06-07,17
2016-06-07,18
2016-06-08,1
2016-06-08,2
2016-06-08,4
2016-06-08,7
2016-06-08,8
2016-06-08,10
2016-06-08,3
2016-06-09,3
2016-06-09,15
2016-06-09,1
2016-06-09,2
2016-06-09,4
2016-06-09,5
2016-06-09,25
2016-06-09,13
2016-06-09,8
2016-06-09,9
2016-06-09,12
2016-06-09,16
2016-06-09,6
2016-06-10,1
2016-06-10,2
2016-06-10,4
2016-06-10,5
2016-06-10,8
2016-06-10,3
2016-06-10,7
2016-06-10,15
2016-06-11,2
2016-06-11,13
2016-06-11,1
2016-06-11,3
2016-06-11,4
2016-06-11,6
2016-06-11,10
2016-06-11,12
2016-06-11,14
2016-06-11,17
2016-06-11,7
2016-06-12,2
2016-06-12,12
2016-06-12,1
2016-06-12,3
2016-06-12,13
2016-06-12,5
2016-06-12,6
2016-06-12,9
2016-06-12,10
2016-06-12,11
2016-06-12,22
2016-06-12,16
2016-06-13,1
2016-06-13,2
2016-06-13,3
2016-06-13,5
2016-06-13,12
2016-06-13,19
2016-06-13,21
2016-06-13,4
2016-06-13,15
2016-06-13,7
2016-06-13,10
2016-06-14,9
2016-06-14,1
2016-06-14,2
2016-06-14,3
2016-06-14,4
2016-06-14,17
2016-06-14,8
2016-06-15,9
2016-06-15,3
2016-06-15,2
2016-06-15,12
2016-06-15,1
2016-06-15,5
2016-06-15,7
2016-06-15,4
2016-06-15,10
2016-06-16,8
2016-06-16,1
2016-06-16,2
2016-06-16,3
2016-06-16,6
2016-06-16,9
2016-06-16,7
2016-06-16,11
2016-06-16,12
2016-06-16,18
2016-06-16,4
2016-06-17,6
2016-06-17,1
2016-06-17,3
2016-06-17,4
2016-06-17,2
2016-06-17,5
2016-06-17,9
2016-06-17,8
2016-06-18,1
2016-06-18,6
2016-06-18,2
2016-06-18,4
2016-06-18,5
2016-06-18,7
2016-06-18,15
2016-06-18,3
2016-06-18,10
2016-06-18,13
2016-06-18,8
2016-06-18,14
2016-06-18,17
2016-06-19,2
2016-06-19,5
2016-06-19,6
2016-06-19,7
2016-06-19,3
2016-06-19,8
2016-06-19,1
2016-06-19,11
2016-06-19,9
2016-06-19,13
2016-06-20,4
2016-06-20,2
2016-06-20,3
2016-06-20,5
2016-06-20,8
2016-06-20,12
2016-06-20,1
2016-06-20,7
2016-06-20,10
2016-06-20,9
2016-06-20,6
2016-06-20,18
2016-06-21,2
2016-06-21,4
2016-06-21,7
2016-06-21,1
2016-06-21,9
2016-06-21,11
2016-06-21,6
2016-06-21,3
2016-06-21,14
2016-06-21,8
2016-06-22,2
2016-06-22,3
2016-06-22,1
2016-06-22,6
2016-06-22,7
2016-06-22,10
2016-06-22,13
2016-06-22,25
2016-06-22,5
2016-06-22,8
2016-06-22,4
2016-06-22,21
2016-06-22,23
2016-06-22,47
2016-06-22,16
2016-06-23,3
2016-06-23,1
2016-06-23,2
2016-06-23,10
2016-06-23,5
2016-06-23,24
2016-06-23,11
2016-06-23,4
2016-06-23,7
2016-06-23,12
2016-06-23,13
2016-06-23,8
2016-06-23,6
2016-06-24,2
2016-06-24,1
2016-06-24,4
2016-06-24,3
2016-06-24,7
2016-06-24,12
2016-06-24,23
2016-06-24,33
2016-06-24,11
2016-06-24,10
2016-06-24,6
2016-06-24,5
2016-06-24,14
2016-06-25,1
2016-06-25,2
2016-06-25,3
2016-06-25,5
2016-06-25,8
2016-06-25,10
2016-06-25,12
2016-06-25,13
2016-06-25,18
2016-06-25,19
2016-06-25,22
2016-06-25,35
2016-06-25,4
2016-06-25,6
2016-06-25,7
2016-06-26,2
2016-06-26,1
2016-06-26,3
2016-06-26,18
2016-06-26,6
2016-06-26,8
2016-06-26,4
2016-06-26,9
2016-06-26,43
2016-06-27,2
2016-06-27,5
2016-06-27,30
2016-06-27,1
2016-06-27,8
2016-06-27,3
2016-06-27,12
2016-06-27,33
2016-06-27,6
2016-06-27,11
2016-06-27,20
2016-06-27,4
2016-06-27,7
2016-06-27,25
2016-06-27,10
2016-06-28,2
2016-06-28,3
2016-06-28,19
2016-06-28,7
2016-06-28,6
2016-06-28,1
2016-06-28,4
2016-06-28,9
2016-06-28,10
2016-06-29,2
2016-06-29,6
2016-06-29,10
2016-06-29,3
2016-06-29,1
2016-06-29,4
2016-06-29,5
2016-06-29,8
2016-06-30,1
2016-06-30,2
2016-06-30,3
2016-06-30,17
2016-06-30,5
2016-06-30,6
2016-06-30,11
2016-06-30,8
2016-07-01,2
2016-07-01,3
2016-07-01,16
2016-07-01,26
2016-07-01,4
2016-07-01,1
2016-07-01,7
2016-07-01,6
2016-07-01,5
2016-07-01,28
2016-07-01,38
2016-07-02,3
2016-07-02,1
2016-07-02,2
2016-07-02,6
2016-07-02,5
2016-07-02,37
2016-07-02,4
2016-07-03,1
2016-07-03,2
2016-07-03,14
2016-07-03,3
2016-07-03,6
2016-07-03,5
2016-07-04,2
2016-07-04,4
2016-07-04,1
2016-07-04,3
2016-07-04,7
2016-07-04,5
2016-07-04,14
2016-07-05,1
2016-07-05,2
2016-07-05,5
2016-07-05,22
2016-07-05,6
2016-07-05,3
2016-07-06,2
2016-07-06,4
2016-07-06,8
2016-07-06,11
2016-07-06,1
2016-07-06,5
2016-07-06,3
2016-07-07,2
2016-07-07,3
2016-07-07,4
2016-07-07,5
2016-07-07,15
2016-07-07,16
2016-07-07,21
2016-07-07,1
2016-07-07,8
2016-07-07,11
2016-07-07,10
2016-07-07,6
2016-07-07,12
2016-07-08,1
2016-07-08,2
2016-07-08,4
2016-07-08,5
2016-07-08,6
2016-07-08,22
2016-07-08,3
2016-07-08,17
2016-07-08,20
2016-07-08,9
2016-07-08,10
2016-07-08,11
2016-07-09,3
2016-07-09,1
2016-07-09,2
2016-07-09,4
2016-07-09,18
2016-07-09,7
2016-07-09,8
2016-07-09,5
2016-07-09,6
2016-07-09,9
2016-07-09,13
2016-07-10,3
2016-07-10,6
2016-07-10,17
2016-07-10,2
2016-07-10,20
2016-07-10,18
2016-07-10,5
2016-07-10,8
2016-07-10,1
2016-07-10,7
2016-07-11,1
2016-07-11,2
2016-07-11,4
2016-07-11,7
2016-07-11,16
2016-07-11,6
2016-07-11,8
2016-07-11,5
2016-07-11,13
2016-07-11,3
2016-07-12,1
2016-07-12,2
2016-07-12,3
2016-07-12,4
2016-07-12,18
2016-07-12,6
2016-07-12,15
2016-07-12,5
2016-07-12,7
2016-07-13,1
2016-07-13,2
2016-07-13,8
2016-07-13,14
2016-07-13,10
2016-07-13,12
2016-07-13,16
2016-07-13,17
2016-07-13,3
2016-07-13,4
2016-07-13,5
2016-07-13,6
2016-07-14,2
2016-07-14,4
2016-07-14,13
2016-07-14,14
2016-07-14,3
2016-07-14,1
2016-07-14,5
2016-07-14,25
2016-07-15,2
2016-07-15,3
2016-07-15,12
2016-07-15,15
2016-07-15,5
2016-07-15,6
2016-07-15,13
2016-07-15,4
2016-07-15,1
2016-07-15,7
2016-07-16,2
2016-07-16,3
2016-07-16,11
2016-07-16,1
2016-07-16,9
2016-07-16,14
2016-07-16,23
2016-07-17,2
2016-07-17,4
2016-07-17,10
2016-07-17,1
2016-07-17,8
2016-07-17,11
2016-07-17,3
2016-07-17,370
2016-07-17,5
2016-07-17,6
2016-07-17,22
2016-07-18,1
2016-07-18,2
2016-07-18,3
2016-07-18,9
2016-07-18,5
2016-07-18,7
2016-07-18,12
2016-07-18,6
2016-07-18,10
2016-07-18,4
2016-07-18,8
2016-07-19,2
2016-07-19,4
2016-07-19,9
2016-07-19,1
2016-07-19,3
2016-07-19,7
2016-07-19,5
2016-07-20,1
2016-07-20,2
2016-07-20,7
2016-07-20,4
2016-07-20,8
2016-07-20,3
2016-07-20,5
2016-07-20,6
2016-07-20,19
2016-07-21,1
2016-07-21,2
2016-07-21,6
2016-07-21,7
2016-07-21,4
2016-07-21,5
2016-07-21,9
2016-07-21,3
2016-07-22,2
2016-07-22,1
2016-07-22,4
2016-07-22,7
2016-07-22,8
2016-07-22,6
2016-07-22,5
2016-07-22,3
2016-07-23,2
2016-07-23,3
2016-07-23,7
2016-07-23,1
2016-07-23,4
2016-07-23,6
2016-07-23,8
2016-07-23,9
2016-07-23,10
2016-07-23,5
2016-07-23,16
2016-07-24,1
2016-07-24,2
2016-07-24,3
2016-07-24,6
2016-07-24,4
2016-07-24,7
2016-07-24,9
2016-07-24,5
2016-07-25,2
2016-07-25,4
2016-07-25,5
2016-07-25,7
2016-07-25,1
2016-07-25,3
2016-07-25,8
2016-07-26,1
2016-07-26,2
2016-07-26,3
2016-07-26,4
2016-07-26,6
2016-07-26,47
2016-07-26,54
2016-07-26,5
2016-07-26,8
2016-07-26,11
2016-07-26,13
2016-07-26,29
2016-07-27,5
2016-07-27,2
2016-07-27,7
2016-07-27,12
2016-07-27,16
2016-07-27,18
2016-07-27,1
2016-07-27,3
2016-07-27,4
2016-07-27,9
2016-07-28,1
2016-07-28,2
2016-07-28,3
2016-07-28,4
2016-07-28,5
2016-07-29,4
2016-07-29,16
2016-07-29,3
2016-07-29,1
2016-07-29,2
2016-07-29,5
2016-07-29,17
2016-07-29,10
2016-07-30,2
2016-07-30,3
2016-07-30,16
2016-07-30,1
2016-07-30,4
2016-07-30,5
2016-07-30,6
2016-07-31,10
2016-07-31,12
2016-07-31,18
2016-07-31,49
2016-07-31,1
2016-07-31,2
2016-07-31,4
2016-07-31,8
2016-07-31,24
2016-07-31,3
2016-07-31,13
2016-07-31,7
2016-07-31,6
2016-07-31,9
2016-07-31,5
2016-08-01,4
2016-08-01,2
2016-08-01,3
2016-08-01,11
2016-08-01,14
2016-08-01,23
2016-08-01,1
2016-08-01,5
2016-08-01,7
2016-08-01,6
2016-08-01,8
2016-08-02,3
2016-08-02,8
2016-08-02,15
2016-08-02,2
2016-08-02,1
2016-08-02,22
2016-08-02,6
2016-08-02,5
2016-08-02,7
2016-08-02,11
2016-08-02,13
2016-08-03,3
2016-08-03,2
2016-08-03,5
2016-08-03,21
2016-08-03,1
2016-08-03,10
2016-08-03,6
2016-08-04,2
2016-08-04,1
2016-08-04,5
2016-08-04,8
2016-08-04,3
2016-08-04,11
2016-08-04,12
2016-08-04,13
2016-08-04,4
2016-08-05,1
2016-08-05,2
2016-08-05,3
2016-08-05,4
2016-08-05,7
2016-08-05,8
2016-08-05,9
2016-08-05,19
2016-08-05,12
2016-08-05,5
2016-08-06,2
2016-08-06,3
2016-08-06,8
2016-08-06,1
2016-08-06,13
2016-08-06,4
2016-08-06,9
2016-08-07,1
2016-08-07,2
2016-08-07,3
2016-08-07,7
2016-08-07,5
2016-08-07,17
2016-08-07,10
2016-08-07,6
2016-08-07,16
2016-08-07,18
2016-08-07,30
2016-08-08,1
2016-08-08,2
2016-08-08,4
2016-08-08,6
2016-08-08,8
2016-08-08,3
2016-08-08,5
2016-08-08,7
2016-08-08,16
2016-08-08,14
2016-08-08,12
2016-08-08,13
2016-08-09,2
2016-08-09,5
2016-08-09,3
2016-08-09,1
2016-08-09,15
2016-08-09,7
2016-08-09,8
2016-08-09,10
2016-08-09,11
2016-08-09,12
2016-08-10,1
2016-08-10,2
2016-08-10,5
2016-08-10,39
2016-08-10,14
2016-08-10,27
2016-08-10,9
2016-08-10,4
2016-08-10,3
2016-08-10,6
2016-08-11,2
2016-08-11,3
2016-08-11,1
2016-08-11,4
2016-08-11,5
2016-08-11,38
2016-08-11,8
2016-08-11,11
2016-08-11,6
2016-08-11,26
2016-08-11,9
2016-08-12,2
2016-08-12,1
2016-08-12,3
2016-08-12,8
2016-08-12,12
2016-08-12,5
2016-08-12,21
2016-08-12,4
2016-08-12,15
2016-08-12,10
2016-08-12,11
2016-08-12,25
2016-08-12,6
2016-08-13,3
2016-08-13,4
2016-08-13,2
2016-08-13,1
2016-08-13,14
2016-08-13,15
2016-08-13,12
2016-08-13,17
2016-08-13,24
2016-08-13,28
2016-08-13,29
2016-08-13,98
2016-08-13,5
2016-08-13,9
2016-08-13,19
2016-08-14,1
2016-08-14,2
2016-08-14,35
2016-08-14,10
2016-08-14,17
2016-08-14,3
2016-08-14,19
2016-08-14,4
2016-08-14,8
2016-08-14,23
2016-08-14,7
2016-08-14,97
2016-08-14,6
2016-08-15,34
2016-08-15,1
2016-08-15,2
2016-08-15,3
2016-08-15,6
2016-08-15,7
2016-08-15,10
2016-08-15,16
2016-08-15,18
2016-08-15,9
2016-08-15,19
2016-08-15,26
2016-08-15,27
2016-08-15,5
2016-08-15,4
2016-08-15,8
2016-08-15,15
2016-08-16,7
2016-08-16,16
2016-08-16,33
2016-08-16,2
2016-08-16,1
2016-08-16,6
2016-08-16,4
2016-08-16,8
2016-08-16,3
2016-08-16,26
2016-08-17,2
2016-08-17,4
2016-08-17,32
2016-08-17,6
2016-08-17,1
2016-08-17,16
2016-08-17,7
2016-08-17,3
2016-08-17,14
2016-08-17,17
2016-08-17,5
2016-08-17,24
2016-08-18,2
2016-08-18,3
2016-08-18,4
2016-08-18,1
2016-08-18,8
2016-08-18,24
2016-08-18,6
2016-08-18,15
2016-08-18,5
2016-08-18,11
2016-08-18,13
2016-08-18,16
2016-08-18,10
2016-08-18,28
2016-08-19,1
2016-08-19,2
2016-08-19,3
2016-08-19,5
2016-08-19,4
2016-08-20,1
2016-08-20,2
2016-08-20,5
2016-08-20,12
2016-08-20,3
2016-08-20,11
2016-08-20,17
2016-08-20,28
2016-08-20,91
2016-08-21,1
2016-08-21,2
2016-08-21,3
2016-08-21,6
2016-08-21,7
2016-08-21,9
2016-08-21,10
2016-08-21,4
2016-08-21,5
2016-08-22,2
2016-08-22,7
2016-08-22,1
2016-08-22,6
2016-08-22,8
2016-08-22,4
2016-08-22,3
2016-08-22,5
2016-08-22,9
2016-08-22,13
2016-08-22,15
2016-08-22,26
2016-08-23,2
2016-08-23,6
2016-08-23,4
2016-08-23,1
2016-08-23,26
2016-08-23,8
2016-08-23,14
2016-08-23,3
2016-08-23,25
2016-08-24,1
2016-08-24,2
2016-08-24,4
2016-08-24,5
2016-08-24,3
2016-08-24,12
2016-08-25,2
2016-08-25,3
2016-08-25,4
2016-08-25,5
2016-08-25,8
2016-08-25,9
2016-08-25,12
2016-08-25,13
2016-08-25,1
2016-08-25,17
2016-08-25,24
2016-08-25,23
2016-08-25,38
2016-08-26,2
2016-08-26,3
2016-08-26,1
2016-08-26,4
2016-08-26,7
2016-08-26,16
2016-08-26,11
2016-08-26,15
2016-08-26,13
2016-08-26,10
2016-08-27,1
2016-08-27,2
2016-08-27,3
2016-08-27,4
2016-08-27,6
2016-08-27,10
2016-08-27,9
2016-08-28,1
2016-08-28,2
2016-08-28,10
2016-08-28,5
2016-08-28,8
2016-08-28,4
2016-08-28,3
2016-08-28,83
2016-08-29,2
2016-08-29,9
2016-08-29,4
2016-08-29,1
2016-08-29,34
2016-08-29,3
2016-08-30,2
2016-08-30,3
2016-08-30,1
2016-08-30,7
2016-08-30,12
2016-08-30,4
2016-08-31,2
2016-08-31,3
2016-08-31,18
2016-08-31,1
2016-08-31,4
2016-08-31,5
2016-08-31,8
2016-08-31,9
2016-08-31,11
2016-08-31,10
2016-09-01,1
2016-09-01,2
2016-09-01,3
2016-09-01,6
2016-09-01,17
2016-09-01,14
2016-09-01,4
2016-09-02,1
2016-09-02,2
2016-09-02,3
2016-09-02,5
2016-09-02,8
2016-09-02,16
2016-09-02,7
2016-09-02,9
2016-09-02,4
2016-09-02,6
2016-09-03,2
2016-09-03,4
2016-09-03,1
2016-09-03,6
2016-09-03,3
2016-09-03,8
2016-09-04,2
2016-09-04,3
2016-09-04,4
2016-09-04,5
2016-09-04,7
2016-09-04,23
2016-09-04,31
2016-09-04,1
2016-09-04,28
2016-09-04,26
2016-09-04,6
2016-09-05,2
2016-09-05,1
2016-09-05,3
2016-09-05,4
2016-09-05,6
2016-09-05,30
2016-09-05,7
2016-09-05,5
2016-09-06,1
2016-09-06,2
2016-09-06,3
2016-09-06,12
2016-09-06,8
2016-09-06,26
2016-09-06,20
2016-09-06,5
2016-09-07,2
2016-09-07,1
2016-09-07,4
2016-09-07,3
2016-09-08,1
2016-09-08,2
2016-09-08,3
2016-09-08,4
2016-09-08,6
2016-09-08,9
2016-09-09,2
2016-09-09,1
2016-09-09,5
2016-09-09,3
2016-09-09,4
2016-09-09,8
2016-09-10,8
2016-09-10,1
2016-09-10,2
2016-09-10,3
2016-09-10,4
2016-09-10,5
2016-09-10,7
2016-09-10,70
2016-09-11,1
2016-09-11,2
2016-09-11,3
2016-09-11,6
2016-09-11,5
2016-09-11,69
2016-09-12,1
2016-09-12,2
2016-09-12,3
2016-09-12,4
2016-09-12,5
2016-09-12,6
2016-09-12,11
2016-09-12,12
2016-09-13,4
2016-09-13,2
2016-09-13,3
2016-09-13,1
2016-09-13,13
2016-09-13,6
2016-09-14,2
2016-09-14,3
2016-09-14,5
2016-09-14,1
2016-09-14,4
2016-09-15,2
2016-09-15,5
2016-09-15,1
2016-09-15,3
2016-09-15,4
2016-09-15,8
2016-09-16,1
2016-09-16,2
2016-09-16,3
2016-09-16,6
2016-09-16,7
2016-09-16,4
2016-09-16,8
2016-09-16,5
2016-09-16,64
2016-09-17,2
2016-09-17,1
2016-09-17,6
2016-09-17,13
2016-09-17,22
2016-09-17,3
2016-09-17,8
2016-09-17,4
2016-09-17,7
2016-09-17,10
2016-09-17,63
2016-09-18,2
2016-09-18,1
2016-09-18,14
2016-09-18,5
2016-09-18,3
2016-09-18,6
2016-09-18,7
2016-09-18,10
2016-09-18,11
2016-09-18,16
2016-09-18,18
2016-09-18,20
2016-09-18,29
2016-09-18,34
2016-09-18,42
2016-09-19,2
2016-09-19,4
2016-09-19,5
2016-09-19,1
2016-09-19,3
2016-09-19,7
2016-09-19,37
2016-09-20,2
2016-09-20,6
2016-09-20,7
2016-09-20,1
2016-09-20,3
2016-09-20,4
2016-09-20,5
2016-09-20,8
2016-09-21,2
2016-09-21,3
2016-09-21,5
2016-09-21,6
2016-09-21,1
2016-09-21,4
2016-09-21,11
2016-09-21,7
2016-09-21,12
2016-09-22,2
2016-09-22,6
2016-09-22,4
2016-09-22,1
2016-09-22,5
2016-09-22,10
2016-09-22,17
2016-09-22,8
2016-09-23,2
2016-09-23,1
2016-09-23,3
2016-09-23,4
2016-09-23,14
2016-09-23,25
2016-09-23,33
2016-09-24,2
2016-09-24,3
2016-09-24,8
2016-09-24,9
2016-09-24,1
2016-09-24,59
2016-09-25,2
2016-09-25,3
2016-09-25,4
2016-09-25,8
2016-09-25,58
2016-09-26,2
2016-09-26,9
2016-09-26,1
2016-09-26,4
2016-09-26,3
2016-09-26,5
2016-09-26,7
2016-09-26,13
2016-09-26,10
2016-09-26,44
2016-09-27,1
2016-09-27,2
2016-09-27,5
2016-09-27,3
2016-09-27,4
2016-09-27,8
2016-09-27,9
2016-09-27,25
2016-09-27,28
2016-09-27,10
2016-09-28,2
2016-09-28,1
2016-09-28,3
2016-09-28,7
2016-09-28,4
2016-09-28,6
2016-09-28,9
2016-09-28,18
2016-09-28,23
2016-09-29,2
2016-09-29,3
2016-09-29,5
2016-09-29,8
2016-09-29,4
2016-09-29,1
2016-09-29,21
2016-09-29,7
2016-09-30,7
2016-09-30,2
2016-09-30,9
2016-09-30,1
2016-09-30,4
2016-09-30,3
2016-09-30,5
2016-09-30,6
2016-09-30,8
2016-09-30,15
2016-10-01,6
2016-10-01,1
2016-10-01,2
2016-10-01,5
2016-10-01,8
2016-10-01,3
2016-10-01,4
2016-10-01,7
2016-10-02,1
2016-10-02,2
2016-10-02,5
2016-10-02,3
2016-10-02,4
2016-10-02,6
2016-10-02,10
2016-10-02,11
2016-10-02,12
2016-10-02,7
2016-10-02,13
2016-10-02,19
2016-10-03,1
2016-10-03,2
2016-10-03,4
2016-10-03,3
2016-10-03,5
2016-10-03,12
2016-10-03,6
2016-10-03,7
2016-10-03,8
2016-10-04,2
2016-10-04,1
2016-10-04,4
2016-10-04,5
2016-10-04,12
2016-10-04,3
2016-10-04,6
2016-10-04,27
2016-10-05,2
2016-10-05,1
2016-10-05,4
2016-10-05,5
2016-10-05,6
2016-10-05,16
2016-10-05,40
2016-10-06,1
2016-10-06,2
2016-10-06,3
2016-10-06,4
2016-10-06,9
2016-10-06,12
2016-10-06,7
2016-10-06,8
2016-10-06,20
2016-10-06,10
2016-10-06,43
2016-10-06,47
2016-10-06,6
2016-10-06,11
2016-10-06,15
2016-10-07,1
2016-10-07,2
2016-10-07,3
2016-10-07,4
2016-10-07,11
2016-10-07,7
2016-10-07,18
2016-10-07,8
2016-10-07,15
2016-10-08,2
2016-10-08,6
2016-10-08,1
2016-10-08,7
2016-10-08,10
2016-10-08,13
2016-10-08,3
2016-10-08,5
2016-10-08,14
2016-10-09,1
2016-10-09,2
2016-10-09,4
2016-10-09,5
2016-10-09,6
2016-10-09,9
2016-10-09,12
2016-10-09,7
2016-10-09,10
2016-10-09,3
2016-10-10,1
2016-10-10,2
2016-10-10,3
2016-10-10,6
2016-10-10,8
2016-10-10,4
2016-10-10,12
2016-10-10,40
2016-10-10,43
2016-10-10,11
2016-10-11,2
2016-10-11,3
2016-10-11,5
2016-10-11,1
2016-10-11,4
2016-10-11,14
2016-10-11,42
2016-10-11,11
2016-10-12,2
2016-10-12,4
2016-10-12,1
2016-10-12,3
2016-10-12,6
2016-10-12,9
2016-10-12,10
2016-10-12,5
2016-10-12,7
2016-10-13,3
2016-10-13,1
2016-10-13,2
2016-10-13,4
2016-10-13,5
2016-10-13,6
2016-10-13,8
2016-10-13,13
2016-10-13,9
2016-10-13,40
2016-10-14,2
2016-10-14,4
2016-10-14,7
2016-10-14,1
2016-10-14,3
2016-10-14,5
2016-10-14,11
2016-10-14,8
2016-10-14,9
2016-10-15,2
2016-10-15,3
2016-10-15,4
2016-10-15,5
2016-10-15,10
2016-10-15,1
2016-10-15,6
2016-10-16,1
2016-10-16,5
2016-10-16,2
2016-10-16,3
2016-10-16,9
2016-10-16,14
2016-10-16,6
2016-10-16,13
2016-10-16,4
2016-10-16,7
2016-10-17,2
2016-10-17,4
2016-10-17,3
2016-10-17,22
2016-10-17,36
2016-10-17,5
2016-10-17,1
2016-10-17,9
2016-10-18,2
2016-10-18,3
2016-10-18,4
2016-10-18,6
2016-10-18,7
2016-10-18,11
2016-10-18,12
2016-10-18,13
2016-10-18,1
2016-10-19,1
2016-10-19,2
2016-10-19,4
2016-10-19,3
2016-10-19,5
2016-10-19,6
2016-10-19,9
2016-10-19,10
2016-10-19,11
2016-10-20,1
2016-10-20,9
2016-10-20,2
2016-10-20,3
2016-10-20,5
2016-10-20,4
2016-10-20,6
2016-10-21,1
2016-10-21,2
2016-10-21,4
2016-10-21,8
2016-10-21,10
2016-10-21,20
2016-10-21,3
2016-10-22,3
2016-10-22,9
2016-10-22,2
2016-10-22,7
2016-10-22,1
2016-10-22,5
2016-10-22,4
2016-10-23,2
2016-10-23,1
2016-10-23,6
2016-10-23,8
2016-10-23,3
2016-10-24,7
2016-10-24,1
2016-10-24,2
2016-10-24,3
2016-10-24,5
2016-10-24,4
2016-10-24,9
2016-10-24,10
2016-10-25,4
2016-10-25,2
2016-10-25,3
2016-10-25,9
2016-10-25,18
2016-10-25,20
2016-10-25,28
2016-10-26,1
2016-10-26,2
2016-10-26,3
2016-10-26,5
2016-10-26,14
2016-10-27,2
2016-10-27,7
2016-10-27,4
2016-10-27,9
2016-10-27,3
2016-10-27,13
2016-10-27,1
2016-10-27,23
2016-10-28,11
2016-10-28,1
2016-10-28,2
2016-10-28,3
2016-10-28,6
2016-10-28,4
2016-10-28,5
2016-10-28,10
2016-10-28,13
2016-10-28,16
2016-10-28,17
2016-10-28,7
2016-10-28,9
2016-10-28,12
2016-10-29,2
2016-10-29,4
2016-10-29,1
2016-10-29,11
2016-10-29,24
2016-10-29,21
2016-10-29,3
2016-10-30,1
2016-10-30,2
2016-10-30,3
2016-10-30,4
2016-10-30,5
2016-10-30,6
2016-10-30,9
2016-10-30,7
2016-10-30,15
2016-10-30,23
2016-10-31,5
2016-10-31,2
2016-10-31,3
2016-10-31,4
2016-10-31,6
2016-10-31,8
2016-10-31,1
2016-10-31,13
2016-10-31,14
2016-10-31,9
2016-11-01,2
2016-11-01,4
2016-11-01,3
2016-11-01,5
2016-11-01,11
2016-11-01,1
2016-11-01,7
2016-11-01,8
2016-11-02,2
2016-11-02,3
2016-11-02,4
2016-11-02,10
2016-11-02,5
2016-11-02,1
2016-11-02,12
2016-11-02,7
2016-11-02,13
2016-11-02,8
2016-11-02,11
2016-11-03,1
2016-11-03,2
2016-11-03,3
2016-11-03,29
2016-11-03,9
2016-11-03,4
2016-11-03,11
2016-11-03,6
2016-11-03,7
2016-11-03,8
2016-11-03,12
2016-11-03,10
2016-11-04,1
2016-11-04,2
2016-11-04,6
2016-11-04,7
2016-11-04,3
2016-11-04,4
2016-11-04,8
2016-11-04,9
2016-11-04,10
2016-11-04,5
2016-11-05,1
2016-11-05,2
2016-11-05,6
2016-11-05,7
2016-11-05,5
2016-11-05,9
2016-11-05,4
2016-11-05,10
2016-11-05,3
2016-11-06,12
2016-11-06,2
2016-11-06,6
2016-11-06,1
2016-11-06,3
2016-11-06,5
2016-11-06,8
2016-11-06,11
2016-11-06,4
2016-11-06,7
2016-11-06,9
2016-11-07,1
2016-11-07,2
2016-11-07,7
2016-11-07,9
2016-11-07,13
2016-11-07,3
2016-11-07,5
2016-11-07,6
2016-11-07,8
2016-11-07,11
2016-11-07,4
2016-11-08,3
2016-11-08,2
2016-11-08,6
2016-11-08,52
2016-11-08,4
2016-11-08,19
2016-11-08,25
2016-11-08,1
2016-11-08,5
2016-11-08,11
2016-11-08,8
2016-11-08,10
2016-11-08,7
2016-11-09,1
2016-11-09,2
2016-11-09,3
2016-11-09,12
2016-11-09,4
2016-11-09,6
2016-11-09,13
2016-11-09,9
2016-11-10,1
2016-11-10,2
2016-11-10,3
2016-11-10,4
2016-11-10,10
2016-11-10,23
2016-11-10,8
2016-11-11,2
2016-11-11,3
2016-11-11,1
2016-11-11,49
2016-11-11,7
2016-11-11,4
2016-11-11,13
2016-11-11,35
2016-11-11,11
2016-11-11,6
2016-11-11,8
2016-11-11,15
2016-11-11,18
2016-11-11,22
2016-11-12,2
2016-11-12,1
2016-11-12,3
2016-11-12,6
2016-11-12,15
2016-11-12,4
2016-11-12,7
2016-11-12,8
2016-11-12,10
2016-11-12,34
2016-11-12,5
2016-11-13,2
2016-11-13,3
2016-11-13,5
2016-11-13,1
2016-11-13,9
2016-11-13,6
2016-11-13,15
2016-11-13,11
2016-11-14,2
2016-11-14,4
2016-11-14,1
2016-11-14,7
2016-11-14,6
2016-11-14,8
2016-11-14,3
2016-11-14,12
2016-11-14,19
2016-11-15,2
2016-11-15,3
2016-11-15,5
2016-11-15,4
2016-11-15,1
2016-11-15,7
2016-11-15,8
2016-11-15,30
2016-11-15,6
2016-11-15,20
2016-11-15,11
2016-11-15,18
2016-11-16,2
2016-11-16,44
2016-11-16,3
2016-11-16,5
2016-11-16,12
2016-11-16,4
2016-11-16,1
2016-11-16,9
2016-11-16,19
2016-11-16,7
2016-11-16,6
2016-11-17,2
2016-11-17,3
2016-11-17,11
2016-11-17,1
2016-11-17,32
2016-11-17,4
2016-11-17,16
2016-11-17,8
2016-11-17,10
2016-11-17,28
2016-11-17,7
2016-11-17,9
2016-11-17,5
2016-11-18,1
2016-11-18,2
2016-11-18,5
2016-11-18,10
2016-11-18,4
2016-11-18,9
2016-11-18,8
2016-11-18,14
2016-11-18,28
2016-11-18,15
2016-11-18,3
2016-11-19,1
2016-11-19,2
2016-11-19,3
2016-11-19,4
2016-11-19,9
2016-11-19,15
2016-11-19,25
2016-11-19,8
2016-11-19,5
2016-11-19,6
2016-11-19,26
2016-11-19,16
2016-11-20,8
2016-11-20,2
2016-11-20,40
2016-11-20,3
2016-11-20,4
2016-11-20,1
2016-11-20,11
2016-11-20,5
2016-11-20,7
2016-11-20,13
2016-11-20,15
2016-11-21,2
2016-11-21,4
2016-11-21,5
2016-11-21,10
2016-11-21,13
2016-11-21,39
2016-11-21,1
2016-11-21,6
2016-11-21,22
2016-11-21,23
2016-11-21,3
2016-11-22,1
2016-11-22,2
2016-11-22,6
2016-11-22,4
2016-11-22,9
2016-11-22,3
2016-11-22,5
2016-11-22,21
2016-11-22,23
2016-11-23,1
2016-11-23,2
2016-11-23,8
2016-11-23,3
2016-11-23,5
2016-11-23,4
2016-11-23,23
2016-11-23,10
2016-11-23,22
2016-11-24,2
2016-11-24,1
2016-11-24,4
2016-11-24,9
2016-11-24,3
2016-11-24,19
2016-11-24,22
2016-11-24,21
2016-11-24,5
2016-11-24,11
2016-11-25,4
2016-11-25,1
2016-11-25,2
2016-11-25,3
2016-11-25,6
2016-11-25,21
2016-11-25,20
2016-11-26,2
2016-11-26,3
2016-11-26,1
2016-11-26,7
2016-11-26,9
2016-11-27,1
2016-11-27,2
2016-11-27,4
2016-11-27,3
2016-11-27,6
2016-11-27,7
2016-11-27,10
2016-11-27,19
2016-11-27,8
2016-11-28,2
2016-11-28,3
2016-11-28,4
2016-11-28,7
2016-11-28,1
2016-11-28,15
2016-11-28,17
2016-11-28,5
2016-11-29,2
2016-11-29,5
2016-11-29,1
2016-11-29,3
2016-11-29,4
2016-11-29,9
2016-11-29,16
2016-11-30,1
2016-11-30,3
2016-11-30,4
2016-11-30,2
2016-11-30,5
2016-11-30,10
2016-12-01,1
2016-12-01,3
2016-12-01,2
2016-12-01,4
2016-12-01,7
2016-12-01,13
2016-12-01,9
2016-12-02,2
2016-12-02,1
2016-12-02,3
2016-12-02,4
2016-12-02,12
2016-12-02,8
2016-12-02,5
2016-12-02,9
2016-12-03,2
2016-12-03,3
2016-12-03,1
2016-12-03,27
2016-12-03,8
2016-12-03,10
2016-12-03,6
2016-12-03,7
2016-12-03,4
2016-12-04,1
2016-12-04,2
2016-12-04,26
2016-12-04,3
2016-12-04,9
2016-12-04,4
2016-12-04,8
2016-12-04,6
2016-12-05,1
2016-12-05,2
2016-12-05,4
2016-12-05,5
2016-12-05,3
2016-12-05,7
2016-12-05,8
2016-12-06,2
2016-12-06,8
2016-12-06,9
2016-12-06,3
2016-12-06,4
2016-12-06,1
2016-12-06,5
2016-12-07,2
2016-12-07,5
2016-12-07,6
2016-12-07,9
2016-12-07,3
2016-12-07,4
2016-12-08,2
2016-12-08,1
2016-12-08,5
2016-12-08,6
2016-12-08,8
2016-12-08,3
2016-12-08,4
2016-12-08,7
2016-12-08,9
2016-12-09,1
2016-12-09,2
2016-12-09,3
2016-12-09,4
2016-12-09,8
2016-12-09,10
2016-12-09,6
2016-12-09,5
2016-12-10,4
2016-12-10,10
2016-12-10,17
2016-12-10,1
2016-12-10,2
2016-12-10,3
2016-12-10,6
2016-12-10,7
2016-12-10,8
2016-12-10,5
2016-12-10,13
2016-12-10,15
2016-12-11,1
2016-12-11,2
2016-12-11,3
2016-12-11,16
2016-12-11,8
2016-12-11,10
2016-12-11,19
2016-12-11,6
2016-12-11,7
2016-12-11,5
2016-12-11,12
2016-12-11,4
2016-12-11,13
2016-12-11,14
2016-12-12,1
2016-12-12,2
2016-12-12,5
2016-12-12,6
2016-12-12,15
2016-12-12,3
2016-12-12,4
2016-12-12,11
2016-12-12,13
2016-12-13,14
2016-12-13,1
2016-12-13,2
2016-12-13,3
2016-12-13,4
2016-12-13,6
2016-12-13,17
2016-12-13,5
2016-12-13,10
2016-12-13,12
2016-12-13,7
2016-12-14,2
2016-12-14,13
2016-12-14,1
2016-12-14,4
2016-12-14,3
2016-12-14,17
2016-12-14,9
2016-12-14,5
2016-12-14,8
2016-12-14,7
2016-12-14,11
2016-12-14,6
2016-12-15,1
2016-12-15,2
2016-12-15,4
2016-12-15,3
2016-12-15,10
2016-12-15,19
2016-12-15,6
2016-12-15,8
2016-12-15,7
2016-12-16,1
2016-12-16,2
2016-12-16,11
2016-12-16,7
2016-12-16,56
2016-12-16,4
2016-12-16,3
2016-12-16,5
2016-12-16,9
2016-12-17,1
2016-12-17,2
2016-12-17,3
2016-12-17,10
2016-12-17,13
2016-12-17,4
2016-12-17,55
2016-12-17,5
2016-12-17,6
2016-12-17,15
2016-12-17,8
2016-12-18,1
2016-12-18,2
2016-12-18,4
2016-12-18,9
2016-12-18,3
2016-12-18,18
2016-12-18,5
2016-12-18,14
2016-12-18,15
2016-12-18,7
2016-12-19,2
2016-12-19,8
2016-12-19,3
2016-12-19,7
2016-12-19,11
2016-12-19,1
2016-12-19,4
2016-12-19,5
2016-12-19,16
2016-12-19,19
2016-12-19,14
2016-12-19,6
2016-12-20,1
2016-12-20,2
2016-12-20,3
2016-12-20,10
2016-12-20,12
2016-12-20,5
2016-12-20,6
2016-12-20,4
2016-12-20,8
2016-12-21,2
2016-12-21,11
2016-12-21,6
2016-12-21,1
2016-12-21,3
2016-12-21,4
2016-12-21,5
2016-12-21,13
2016-12-22,1
2016-12-22,2
2016-12-22,3
2016-12-22,10
2016-12-22,5
2016-12-22,4
2016-12-22,9
2016-12-22,32
2016-12-22,14
2016-12-22,15
2016-12-22,26
2016-12-22,16
2016-12-22,11
2016-12-22,8
2016-12-22,12
2016-12-22,7
2016-12-23,7
2016-12-23,1
2016-12-23,2
2016-12-23,6
2016-12-23,3
2016-12-23,4
2016-12-23,5
2016-12-23,8
2016-12-23,13
2016-12-23,15
2016-12-23,9
2016-12-23,10
2016-12-24,1
2016-12-24,2
2016-12-24,8
2016-12-24,10
2016-12-24,48
2016-12-24,4
2016-12-24,6
2016-12-24,5
2016-12-24,9
2016-12-24,3
2016-12-24,7
2016-12-24,13
2016-12-24,15
2016-12-24,32
2016-12-25,1
2016-12-25,2
2016-12-25,7
2016-12-25,8
2016-12-25,3
2016-12-25,4
2016-12-25,9
2016-12-25,5
2016-12-26,2
2016-12-26,1
2016-12-26,3
2016-12-26,11
2016-12-26,19
2016-12-26,4
2016-12-26,17
2016-12-26,6
2016-12-26,12
2016-12-26,7
2016-12-26,8
2016-12-26,13
2016-12-26,5
2016-12-26,30
2016-12-27,4
2016-12-27,18
2016-12-27,1
2016-12-27,2
2016-12-27,7
2016-12-27,15
2016-12-27,5
2016-12-27,3
2016-12-28,2
2016-12-28,3
2016-12-28,1
2016-12-28,12
2016-12-28,4
2016-12-28,6
2016-12-29,3
2016-12-29,2
2016-12-29,6
2016-12-29,11
2016-12-29,9
2016-12-29,1
2016-12-29,12
2016-12-29,22
2016-12-29,23
2016-12-29,29
2016-12-29,62
2016-12-29,4
2016-12-29,8
2016-12-29,5
2016-12-30,1
2016-12-30,2
2016-12-30,4
2016-12-30,10
2016-12-30,15
2016-12-30,104
2016-12-30,5
2016-12-30,9
2016-12-30,17
2016-12-30,44
2016-12-30,46
2016-12-30,53
2016-12-30,57
2016-12-30,84
2016-12-30,8
2016-12-30,3
2016-12-30,14
2016-12-30,25
2016-12-30,42
2016-12-30,7
2016-12-30,6
2016-12-30,26
